logo,hospital,url,location,typ1,ttyp2,class,employees,founding_date
https://img1.dxycdn.com/2022/0221/852/2665930812825153353-126.png,鞍钢集团公司总医院,https://y.dxy.cn/hospital/788,辽宁·鞍山市,公立医院,综合医院,三级甲等,1000 人以上,1937 年
https://img1.dxycdn.com/2020/0430/209/3410668845168871319-2.png,安徽济民肿瘤医院,https://y.dxy.cn/hospital/3029,安徽·,民营医院,专科医院,三级丙等,100-499 人,2003 年
https://img1.dxycdn.com/2020/0422/653/3409232092709079105-126.png,安徽省第二人民医院,https://y.dxy.cn/hospital/110,安徽·合肥市,公立医院,综合医院,三级甲等,1000 人以上,1951 年
https://img1.dxycdn.com/2018/1225/786/3319367272203996816-7.png,安徽省儿童医院,https://y.dxy.cn/hospital/386,安徽·合肥市,民营医院,专科医院,-,100-499 人,1990 年
https://img1.dxycdn.com/2020/1210/166/8806613756790222543-126.png,安徽省庐江县中医院,https://y.dxy.cn/hospital/12498,安徽·合肥市,公立医院,综合医院,三级医院,500-999 人,1983 年
https://img1.dxycdn.com/2022/0303/776/4776048395366835353-126.png,安徽省胸科医院,https://y.dxy.cn/hospital/2668,安徽·合肥市,公立医院,专科医院,三级医院,1000 人以上,1982 年
https://file1.dxycdn.com/2018/0418/713/3272815292061526154-7.png,安徽医科大学第二附属医院,https://y.dxy.cn/hospital/754,安徽·合肥市,公立医院,综合医院,三级甲等,1000 人以上,2008 年
https://img1.dxycdn.com/2020/1208/533/8974356415961091543-126.png,安徽医科大学第一附属医院,https://y.dxy.cn/hospital/80,安徽·合肥市,公立医院,综合医院,三级甲等,1000 人以上,1926 年
https://img1.dxycdn.com/2020/0525/031/3415305459933177536-126.png,安徽医科大学附属阜阳医院,https://y.dxy.cn/hospital/1952,安徽·阜阳市,公立医院,综合医院,三级医院,500-999 人,2013 年
https://img1.dxycdn.com/2022/0824/419/5751823108048167653-126.png,安徽中科庚玖医院,https://y.dxy.cn/hospital/12741,安徽·合肥市,民营医院,综合医院,三级医院,500-999 人,2021 年
https://img1.dxycdn.com/2021/0126/785/4777393462418590643-7.jpg,安吉县中医院,https://y.dxy.cn/hospital/5406,浙江·湖州市,公立医院,专科医院,-,100-499 人,-
https://img1.dxycdn.com/2020/1229/798/6136927546668375543-126.png,安陆市普爱医院,https://y.dxy.cn/hospital/6964,湖北·孝感市,公立医院,综合医院,二级甲等,500-999 人,1886 年
https://img1.dxycdn.com/2020/0507/364/3411962807145785673-126.png,安庆市立医院,https://y.dxy.cn/hospital/1787,安徽·安庆市,公立医院,综合医院,三级甲等,1000 人以上,1938 年
https://img1.dxycdn.com/2019/0926/890/3370406732961812552-7.jpg,鞍山瑞天肾病医院,https://y.dxy.cn/hospital/10579,辽宁·鞍山市,民营医院,综合医院,二级医院,20-99 人,2017 年
https://img1.dxycdn.com/2020/0430/209/3410668845168871319-2.png,安阳地区医院,https://y.dxy.cn/hospital/1530,河南·安阳市,公立医院,综合医院,三级甲等,1000 人以上,1949 年
https://img1.dxycdn.com/2021/0304/833/0636086155868977643-126.png,安阳市滑县中心医院,https://y.dxy.cn/hospital/7322,河南·安阳市,公立医院,综合医院,二级甲等,500-999 人,1983 年
https://img1.dxycdn.com/2021/0308/018/6733877490456068643-126.png,安阳市中医院,https://y.dxy.cn/hospital/1426,河南·安阳市,公立医院,综合医院,三级甲等,1000 人以上,1954 年
https://img1.dxycdn.com/2021/0414/707/1474442389142745743-126.png,百尺竿镇普利庄村卫生所,https://y.dxy.cn/hospital/12636,河北·保定市,民营医院,其他,未定级,20 人以下,2001 年
https://img1.dxycdn.com/2020/1218/800/0431454691020073543-126.png,保定德润医院,https://y.dxy.cn/hospital/12522,河北·保定市,民营医院,综合医院,二级医院,100-499 人,2003 年
https://img1.dxycdn.com/2020/0430/209/3410668845168871319-2.png,保定市脑血管病医院,https://y.dxy.cn/hospital/2831,北京·,民营医院,专科医院,一级丙等,100-499 人,1983 年
https://img1.dxycdn.com/2020/0707/330/4969126919365233243-126.png,保定泰和康复医院,https://y.dxy.cn/hospital/12424,河北·保定市,民营医院,专科医院,二级医院,100-499 人,2010 年
https://img1.dxycdn.com/2021/0105/587/0002775601781907543-126.png,保定裕东医院,https://y.dxy.cn/hospital/9512,河北·保定市,民营医院,综合医院,二级医院,100-499 人,1991 年
https://img1.dxycdn.com/2021/0201/904/8473883832645112643-126.png,宝鸡高新医院,https://y.dxy.cn/hospital/12559,陕西·宝鸡市,民营医院,综合医院,三级医院,1000 人以上,2012 年
https://img1.dxycdn.com/2020/1126/694/4503890246783269443-126.png,宝鸡市人民医院,https://y.dxy.cn/hospital/204,陕西·宝鸡市,公立医院,综合医院,三级甲等,1000 人以上,1947 年
https://img1.dxycdn.com/2020/0226/983/3398836493736223037-126.png,宝鸡市中心医院,https://y.dxy.cn/hospital/1554,陕西·宝鸡市,公立医院,综合医院,三级甲等,1000 人以上,1951 年
https://img1.dxycdn.com/2021/1026/054/9665944382129461153-126.png,宝鸡市中医医院,https://y.dxy.cn/hospital/599,陕西·宝鸡市,公立医院,综合医院,三级甲等,1000 人以上,1952 年
https://img1.dxycdn.com/2022/0530/131/8316526153572761553-7.jpg,宝泉岭医疗集团中心医院,https://y.dxy.cn/hospital/493,黑龙江·鹤岗市,公立医院,综合医院,三级甲等,-,-
https://img1.dxycdn.com/2020/0529/124/3416043275185048741-126.png,包头医学院第二附属医院,https://y.dxy.cn/hospital/2414,内蒙古·包头市,公立医院,综合医院,三级乙等,1000 人以上,1951 年
https://img1.dxycdn.com/2020/0710/199/6946560106085883243-126.png,包头云龙骨科医院,https://y.dxy.cn/hospital/7040,内蒙古·包头市,民营医院,专科医院,二级甲等,100-499 人,1988 年
https://img1.dxycdn.com/2021/0225/931/1560777154827456643-126.png,巴中市中心医院,https://y.dxy.cn/hospital/1177,四川·巴中市,公立医院,综合医院,三级甲等,1000 人以上,1943 年
https://file1.dxycdn.com/2018/0504/704/3275778153775765368-7.png,北大医疗康复医院,https://y.dxy.cn/hospital/3082,北京·北京,民营医院,专科医院,三级医院,100-499 人,2015 年
https://img1.dxycdn.com/2020/0302/952/3399721954931290840-126.jpg,北大医疗潞安医院,https://y.dxy.cn/hospital/3282,山西·长治市,民营医院,综合医院,三级甲等,1000 人以上,1959 年
https://file1.dxycdn.com/2018/0418/858/3272846666797335282-7.png,北大医疗鲁中医院,https://y.dxy.cn/hospital/351,山东·淄博市,民营医院,综合医院,三级甲等,1000 人以上,2002 年
https://file1.dxycdn.com/2018/0419/126/3273043664062318537-7.png,北海市人民医院,https://y.dxy.cn/hospital/208,广西·北海市,公立医院,综合医院,三级甲等,1000 人以上,1886 年
https://img1.dxycdn.com/2020/0227/679/3399032967015113109-126.jpg,北京爱尔英智眼科医院,https://y.dxy.cn/hospital/3285,北京·朝阳区,民营医院,专科医院,一级医院,100-499 人,1995 年
https://img1.dxycdn.com/2020/0527/389/3415679953164419953-126.png,北京爱育华妇儿医院,https://y.dxy.cn/hospital/12386,北京·大兴区,民营医院,专科医院,三级医院,100-499 人,2014 年
https://img1.dxycdn.com/2021/0308/893/2140510752914658643-126.png,北京安琪妇产医院,https://y.dxy.cn/hospital/321,北京·北京,民营医院,专科医院,二级医院,100-499 人,2013 年
https://img1.dxycdn.com/2020/0525/614/3415325167390626605-126.png,北京铂林眼科诊所,https://y.dxy.cn/hospital/12365,北京·海淀区,民营医院,专科医院,未定级,100-499 人,2017 年
https://img1.dxycdn.com/2021/0219/129/5610672839282445643-126.png,北京昌平北城中医医院,https://y.dxy.cn/hospital/12577,北京·昌平区,民营医院,综合医院,一级医院,20-99 人,1958 年
https://img1.dxycdn.com/2020/0304/021/3400126665404915705-126.png,北京昌平华佑医院,https://y.dxy.cn/hospital/3294,北京·昌平区,民营医院,专科医院,未定级,100-499 人,2018 年
https://img1.dxycdn.com/2020/0521/782/3414564850805277966-126.png,北京慈禄儿科门诊部,https://y.dxy.cn/hospital/12350,北京·丰台区,民营医院,专科医院,未定级,20-99 人,2017 年
https://img1.dxycdn.com/2021/0301/685/3856256830031037643-126.png,北京崔玉涛诊所,https://y.dxy.cn/hospital/6188,北京·朝阳区,民营医院,其他,未定级,20-99 人,2016 年
https://img1.dxycdn.com/2020/0430/209/3410668845168871319-2.png,北京大学滨海医院,https://y.dxy.cn/hospital/1666,天津·,公立医院,综合医院,三级甲等,1000 人以上,1949 年
https://file1.dxycdn.com/2018/0427/534/3274508116913705138-7.png,北京大学第一医院,https://y.dxy.cn/hospital/45,北京·北京,公立医院,综合医院,三级甲等,1000 人以上,1915 年
https://file1.dxycdn.com/2018/0504/287/3275778276182333668-7.png,北京大学国际医院,https://y.dxy.cn/hospital/263,北京·北京,民营医院,综合医院,三级医院,1000 人以上,2014 年
https://img1.dxycdn.com/2020/0226/139/3398792000022539978-126.jpg,北京大学人民医院,https://y.dxy.cn/hospital/4,北京·北京,公立医院,综合医院,三级甲等,1000 人以上,1918 年
https://img1.dxycdn.com/2020/0305/517/3400275000690207512-126.jpg,北京大学深圳医院,https://y.dxy.cn/hospital/174,广东·深圳市,公立医院,综合医院,三级甲等,1000 人以上,1999 年
https://img1.dxycdn.com/2021/0106/888/1397330956032427543-126.png,北京德尔康尼骨科医院,https://y.dxy.cn/hospital/7447,北京·北京,民营医院,专科医院,二级甲等,100-499 人,2002 年
https://img1.dxycdn.com/2020/0430/868/3410682681405746354-126.png,北京东区儿童医院,https://y.dxy.cn/hospital/12501,北京·朝阳区,民营医院,专科医院,一级医院,100-499 人,2015 年
https://img1.dxycdn.com/2021/0419/069/9447664166851046743-126.png,北京丰联嘉悦丽格眼科诊所有限公司,https://y.dxy.cn/hospital/12637,北京·朝阳区,民营医院,专科医院,未定级,100-499 人,2017 年
https://img1.dxycdn.com/2018/0710/459/3288190946416083422-7.jpg,北京丰台右安门医院,https://y.dxy.cn/hospital/5645,北京·丰台区,公立医院,综合医院,三级医院,1000 人以上,1985 年
https://img1.dxycdn.com/2020/1218/805/4890948524707373543-126.png,北京港澳国际医务诊所,https://y.dxy.cn/hospital/12528,北京·东城区,民营医院,其他,未定级,20-99 人,1993 年
https://img1.dxycdn.com/2022/0315/798/1126268279231367353-126.png,北京高博博仁医院,https://y.dxy.cn/hospital/6161,北京·丰台区,民营医院,综合医院,二级医院,100-499 人,2014 年
https://img1.dxycdn.com/2021/0222/159/7192948746725795643-126.png,北京国际医疗中心,https://y.dxy.cn/hospital/12584,北京·朝阳区,民营医院,其他,未定级,20-99 人,1993 年
https://img1.dxycdn.com/2022/0315/297/9325908865879267353-126.jpeg,北京和睦家医院,https://y.dxy.cn/hospital/254,北京·北京市,民营医院,综合医院,未定级,1000 人以上,2005 年
https://img1.dxycdn.com/2022/0310/790/2818114194470466353-126.png,北京华生康复医院,https://y.dxy.cn/hospital/12710,北京·丰台区,民营医院,专科医院,三级医院,100-499 人,2021 年
https://img1.dxycdn.com/2020/0305/991/3400281784590840146-126.jpg,北京华信医院,https://y.dxy.cn/hospital/2914,北京·北京,公立医院,综合医院,三级医院,1000 人以上,1959 年
https://img1.dxycdn.com/2020/0316/818/3402363875214399860-126.jpg,北京霍普医院,https://y.dxy.cn/hospital/6154,北京·昌平区,民营医院,综合医院,一级医院,20-99 人,2016 年
https://img1.dxycdn.com/2020/0326/646/3404216900199895174-126.png,北京家恩德运医院,https://y.dxy.cn/hospital/6164,北京·海淀区,民营医院,综合医院,一级甲等,100-499 人,2004 年
https://img1.dxycdn.com/2022/0307/237/5689046517078906353-126.png,北京京都儿童医院,https://y.dxy.cn/hospital/12706,北京·昌平区,民营医院,综合医院,三级医院,500-999 人,2015 年
https://img1.dxycdn.com/2022/0628/172/3229252526607507553-126.png,北京劲松中西医结合医院,https://y.dxy.cn/hospital/12737,北京·朝阳区,民营医院,专科医院,一级医院,20-99 人,2013 年
https://img1.dxycdn.com/2020/0515/818/3413441914426093768-126.png,北京积水潭医院,https://y.dxy.cn/hospital/15,北京·北京,公立医院,综合医院,三级甲等,1000 人以上,1956 年
https://img1.dxycdn.com/2022/0317/007/5890342917637997353-126.png,北京莱佛士医院,https://y.dxy.cn/hospital/12726,北京·朝阳区,民营医院,综合医院,未定级,100-499 人,1994 年
https://img1.dxycdn.com/2021/0129/615/9301848502417251643-126.png,北京陆道培医院,https://y.dxy.cn/hospital/12557,北京·大兴区,民营医院,专科医院,三级医院,100-499 人,2018 年
https://img1.dxycdn.com/2021/0111/921/5320846180723718543-126.png,北京美中宜和北三环妇儿医院,https://y.dxy.cn/hospital/12548,北京·海淀区,民营医院,专科医院,二级甲等,100-499 人,2010 年
https://img1.dxycdn.com/2021/0723/400/0490955974002104943-126.jpg,北京美中宜和妇儿医院,https://y.dxy.cn/hospital/257,北京·北京,民营医院,专科医院,二级甲等,1000 人以上,2004 年
https://img1.dxycdn.com/2020/0219/156/3397529666184715198-126.jpg,北京明德医院,https://y.dxy.cn/hospital/266,北京·朝阳区,民营医院,综合医院,一级医院,100-499 人,2012 年
https://img1.dxycdn.com/2020/1207/496/3860374830206761543-126.png,北京明亮眼科诊所,https://y.dxy.cn/hospital/12488,北京·朝阳区,民营医院,其他,未定级,20 人以下,2020 年
https://img1.dxycdn.com/2020/0911/366/3451567793805555343-126.png,北京茗视光眼科,https://y.dxy.cn/hospital/3261,北京·东城区,民营医院,其他,未定级,20-99 人,2011 年
https://img1.dxycdn.com/2020/0306/112/3400503179417552729-126.jpg,北京南加门诊部,https://y.dxy.cn/hospital/3300,北京·海淀区,民营医院,综合医院,未定级,20-99 人,2014 年
https://img1.dxycdn.com/2021/0524/653/5856296804743382843-126.png,北京南郊肿瘤医院,https://y.dxy.cn/hospital/12645,北京·大兴区,民营医院,专科医院,二级医院,100-499 人,2013 年
https://file1.dxycdn.com/2018/0504/713/3275779815927863286-7.png,北京清华长庚医院,https://y.dxy.cn/hospital/51,北京·昌平区,公立医院,综合医院,三级丙等,1000 人以上,-
https://img1.dxycdn.com/2020/0529/502/3416103327418141936-126.png,北京青苗口腔门诊部,https://y.dxy.cn/hospital/12403,北京·海淀区,民营医院,专科医院,未定级,100-499 人,2012 年
https://img1.dxycdn.com/2021/0308/242/7661538774493558643-126.png,北京全景德康医学影像诊断中心,https://y.dxy.cn/hospital/12612,北京·丰台区,民营医院,其他,未定级,20-99 人,2020 年
https://img1.dxycdn.com/2020/0904/611/5661277548016624343-126.png,北京善方医院,https://y.dxy.cn/hospital/12446,北京·朝阳区,民营医院,综合医院,一级医院,100-499 人,2015 年
https://img1.dxycdn.com/2019/1203/304/3383062500492130704-7.png,北京市垂杨柳医院,https://y.dxy.cn/hospital/2749,北京·北京,公立医院,综合医院,三级医院,1000 人以上,1973 年
https://img1.dxycdn.com/2021/0308/945/9082075904594558643-126.png,北京市第一中西医结合医院,https://y.dxy.cn/hospital/1168,北京·北京,公立医院,综合医院,三级甲等,1000 人以上,1936 年
https://img1.dxycdn.com/2021/0304/952/5545606838332087643-126.png,北京市鼓楼中医医院,https://y.dxy.cn/hospital/7022,北京·北京,公立医院,综合医院,三级医院,100-499 人,1951 年
https://img1.dxycdn.com/2020/0430/209/3410668845168871319-2.png,北京市海淀区妇幼保健院,https://y.dxy.cn/hospital/3863,北京·海淀区,公立医院,专科医院,二级甲等,500-999 人,-
https://img1.dxycdn.com/2021/0304/362/4049454251349087643-126.png,北京市门头沟区中医院,https://y.dxy.cn/hospital/4982,北京·北京,公立医院,综合医院,二级甲等,100-499 人,1956 年
https://img1.dxycdn.com/2020/0529/791/3416075030025817403-126.png,北京市平谷区中医医院,https://y.dxy.cn/hospital/374,北京·北京,公立医院,专科医院,三级甲等,500-999 人,1986 年
https://img1.dxycdn.com/2020/0721/016/3194184507392785243-126.png,北京市顺义区妇幼保健院,https://y.dxy.cn/hospital/12430,北京·顺义区,公立医院,专科医院,二级甲等,1000 人以上,1995 年
https://img1.dxycdn.com/2020/1210/756/0305106978933722543-126.png,北京市延庆区医院,https://y.dxy.cn/hospital/5698,北京·北京,公立医院,综合医院,二级甲等,1000 人以上,1956 年
https://img1.dxycdn.com/2020/0430/209/3410668845168871319-2.png,北京市中关村医院,https://y.dxy.cn/hospital/3663,北京·海淀区,公立医院,综合医院,二级甲等,500-999 人,-
https://img1.dxycdn.com/2020/0818/726/1581749748824701343-7.png,北京首大眼耳鼻喉医院,https://y.dxy.cn/hospital/338,北京·北京,民营医院,专科医院,三级医院,100-499 人,2012 年
https://img1.dxycdn.com/2020/0804/419/6629318440609948243-126.png,北京泰康拜博口腔医院,https://y.dxy.cn/hospital/12432,北京·东城区,民营医院,专科医院,二级医院,100-499 人,1993 年
https://img1.dxycdn.com/2021/0329/947/8692544148918742743-126.png,北京天坛普华医院,https://y.dxy.cn/hospital/12633,北京·东城区,民营医院,综合医院,未定级,100-499 人,1995 年
https://img1.dxycdn.com/2021/0305/247/7188564419760997643-126.png,北京王府中西医结合医院,https://y.dxy.cn/hospital/1855,北京·昌平区,民营医院,专科医院,三级甲等,500-999 人,2008 年
https://img1.dxycdn.com/2020/0422/999/3409213774673536312-126.png,北京协和医院,https://y.dxy.cn/hospital/1,北京·北京,公立医院,综合医院,三级甲等,1000 人以上,1921 年
https://img1.dxycdn.com/2020/0215/016/3396848067759756412-126.jpeg,北京希玛林顺潮眼科医院,https://y.dxy.cn/hospital/3241,北京·朝阳区,民营医院,专科医院,二级医院,100-499 人,2017 年
https://img1.dxycdn.com/2021/0204/117/6261760806422662643-126.png,北京幸福颐养护理院,https://y.dxy.cn/hospital/12564,北京·石景山区,民营医院,综合医院,二级医院,100-499 人,2020 年
https://img1.dxycdn.com/2020/0513/939/3413124743976054147-126.png,北京新世纪儿童医院,https://y.dxy.cn/hospital/12327,北京·西城区,民营医院,专科医院,二级医院,100-499 人,2006 年
https://img1.dxycdn.com/2020/0519/150/3414240286569187551-126.png,北京新世纪妇儿医院,https://y.dxy.cn/hospital/12344,北京·朝阳区,民营医院,专科医院,二级医院,100-499 人,2012 年
https://img1.dxycdn.com/2020/1127/547/6472415479373189443-126.png,北京熙仁医院,https://y.dxy.cn/hospital/12479,北京·海淀区,民营医院,综合医院,一级医院,100-499 人,2014 年
https://img1.dxycdn.com/2019/1008/079/3372657967987171336-7.png,北京燕化医院,https://y.dxy.cn/hospital/2176,北京·房山区,民营医院,综合医院,三级乙等,1000 人以上,1973 年
https://img1.dxycdn.com/2020/0513/167/3413128079018262013-126.png,北京怡德医院,https://y.dxy.cn/hospital/12329,北京·海淀区,民营医院,综合医院,二级甲等,100-499 人,2015 年
https://img1.dxycdn.com/2021/0628/496/5616751111885139843-126.png,北京优联医院,https://y.dxy.cn/hospital/12647,北京·朝阳区,民营医院,综合医院,一级医院,100-499 人,2017 年
https://img1.dxycdn.com/2021/1222/251/1755923509456222253-126.png,北京昭德医院,https://y.dxy.cn/hospital/12682,北京·顺义区,民营医院,综合医院,一级医院,20-99 人,2021 年
https://img1.dxycdn.com/2020/0220/526/3397673302775988474-126.jpg,北京中医药大学东直门医院,https://y.dxy.cn/hospital/884,北京·北京,公立医院,综合医院,三级甲等,1000 人以上,1958 年
https://img1.dxycdn.com/2020/0529/672/3416042474174141632-126.png,北京中医医院顺义医院,https://y.dxy.cn/hospital/1029,北京·北京,公立医院,其他,三级甲等,1000 人以上,1985 年
https://img1.dxycdn.com/2020/0519/449/3414182420474683420-7.jpg,蚌埠市第三人民医院,https://y.dxy.cn/hospital/1251,安徽·,公立医院,综合医院,三级甲等,1000 人以上,1954 年
https://img1.dxycdn.com/2020/0515/975/3413492414651415363-126.png,蚌埠医学院第二附属医院,https://y.dxy.cn/hospital/117,安徽·蚌埠市,公立医院,综合医院,三级甲等,1000 人以上,1915 年
https://img1.dxycdn.com/2021/0303/951/8848184921306167643-126.png,滨海县中医院,https://y.dxy.cn/hospital/12601,江苏·盐城市,公立医院,综合医院,二级甲等,500-999 人,1959 年
https://img1.dxycdn.com/2020/0430/209/3410668845168871319-2.png,宾阳县妇幼保健院,https://y.dxy.cn/hospital/4170,广西·,公立医院,专科医院,二级甲等,-,1956 年
https://file1.dxycdn.com/2018/0419/436/3273022734686599766-7.png,滨州医学院附属医院,https://y.dxy.cn/hospital/31,山东·滨州市,公立医院,综合医院,三级甲等,1000 人以上,1977 年
https://file1.dxycdn.com/2018/0419/847/3273025326699373891-7.png,滨州医学院烟台附属医院,https://y.dxy.cn/hospital/602,山东·烟台市,公立医院,综合医院,三级甲等,1000 人以上,2010 年
https://img1.dxycdn.com/2022/0316/774/1127197098594187353-126.png,博罗县人民医院,https://y.dxy.cn/hospital/3829,广东·惠州市,公立医院,综合医院,三级医院,1000 人以上,1937 年
https://img1.dxycdn.com/2020/0710/941/8804276907624983243-126.png,百色市人民医院,https://y.dxy.cn/hospital/1559,广西·百色市,公立医院,综合医院,三级甲等,1000 人以上,1928 年
https://img1.dxycdn.com/2020/0624/424/7354069756247090243-126.png,百色市中医医院（百色市民族医医院）,https://y.dxy.cn/hospital/12420,广西·百色市,公立医院,综合医院,二级甲等,100-499 人,2008 年
https://file1.dxycdn.com/2018/0601/534/3280975532355433629-7.png,苍南县人民医院,https://y.dxy.cn/hospital/2182,浙江·温州市,公立医院,综合医院,三级乙等,1000 人以上,1987 年
https://img1.dxycdn.com/2020/0515/655/3413452329721321877-126.png,苍南县中医院,https://y.dxy.cn/hospital/7149,浙江·温州市,公立医院,专科医院,二级甲等,500-999 人,1993 年
https://img1.dxycdn.com/2020/0616/115/3419446386079825236-126.png,沧州市妇幼保健院,https://y.dxy.cn/hospital/2857,河北·沧州市,公立医院,专科医院,二级医院,500-999 人,1987 年
https://img1.dxycdn.com/2020/0709/488/1522461360686563243-126.png,沧州市人民医院,https://y.dxy.cn/hospital/187,河北·沧州市,公立医院,综合医院,三级甲等,1000 人以上,1961 年
https://img1.dxycdn.com/2020/0731/450/5452227251678177243-126.png,沧州市中心医院,https://y.dxy.cn/hospital/1171,河北·沧州市,公立医院,综合医院,三级甲等,1000 人以上,1898 年
https://img1.dxycdn.com/2021/0128/474/5808260073054531643-126.png,曹县县立医院,https://y.dxy.cn/hospital/11787,山东·菏泽市,公立医院,综合医院,二级乙等,500-999 人,1998 年
https://img1.dxycdn.com/2021/0719/358/1951847341082623943-126.png,长春骨伤医院,https://y.dxy.cn/hospital/2955,吉林·长春市,民营医院,专科医院,三级医院,100-499 人,2004 年
https://img1.dxycdn.com/2021/0206/810/9567425960763892643-126.png,长春嘉和外科医院,https://y.dxy.cn/hospital/12566,吉林·长春市,民营医院,专科医院,二级乙等,20-99 人,1995 年
https://img1.dxycdn.com/2020/0528/695/3415901944991516330-126.png,长春中医药大学附属医院,https://y.dxy.cn/hospital/1002,吉林·长春市,公立医院,综合医院,三级甲等,1000 人以上,1958 年
https://img1.dxycdn.com/2020/0522/889/3414779631382449395-126.png,常德美奥口腔医院,https://y.dxy.cn/hospital/12360,湖南·常德市,民营医院,专科医院,二级医院,20-99 人,2014 年
https://img1.dxycdn.com/2020/0417/618/3408249913145207690-126.png,常德市第二人民医院,https://y.dxy.cn/hospital/2734,湖南·常德市,公立医院,综合医院,三级医院,500-999 人,1959 年
https://img1.dxycdn.com/2020/0225/274/3398604346459055687-126.jpg,常德市第四人民医院,https://y.dxy.cn/hospital/2659,湖南·常德市,公立医院,综合医院,三级医院,1000 人以上,1938 年
https://img1.dxycdn.com/2020/0311/174/3401423973161165578-126.png,常德市第一人民医院,https://y.dxy.cn/hospital/1710,湖南·常德市,公立医院,综合医院,三级甲等,1000 人以上,1898 年
https://img1.dxycdn.com/2020/0520/878/3414364224292838033-126.png,常德市第一中医医院,https://y.dxy.cn/hospital/1566,湖南·常德市,公立医院,综合医院,三级甲等,1000 人以上,1953 年
https://img1.dxycdn.com/2021/1216/726/9947542164458901253-126.png,常德市妇幼保健院,https://y.dxy.cn/hospital/3564,湖南·常德市,公立医院,专科医院,三级医院,100-499 人,1951 年
https://img1.dxycdn.com/2020/1225/434/8450141063984105543-126.png,常德市澧县人民医院,https://y.dxy.cn/hospital/4112,湖南·常德市,公立医院,综合医院,三级医院,1000 人以上,1939 年
https://img1.dxycdn.com/2021/0412/418/8180526585403705743-126.png,常德武陵新德华眼科门诊部,https://y.dxy.cn/hospital/12635,湖南·常德市,民营医院,专科医院,未定级,20-99 人,2016 年
https://img1.dxycdn.com/2020/0925/752/5282555898893118343-126.png,昌江医院,https://y.dxy.cn/hospital/12454,江西·景德镇市,民营医院,综合医院,二级甲等,100-499 人,2016 年
https://img1.dxycdn.com/2020/0430/209/3410668845168871319-2.png,昌吉市第二人民医院,https://y.dxy.cn/hospital/4284,新疆·昌吉回族自治州,公立医院,综合医院,二级甲等,500-999 人,-
https://img1.dxycdn.com/2020/0509/967/3412367753842506117-126.png,长沙百佳玛丽亚妇产医院,https://y.dxy.cn/hospital/8668,湖南·长沙市,民营医院,专科医院,未定级,100-499 人,2010 年
https://img1.dxycdn.com/2020/0515/439/3413431222104742038-126.png,长沙珂信肿瘤医院,https://y.dxy.cn/hospital/12330,湖南·长沙市,民营医院,专科医院,三级医院,100-499 人,2015 年
https://img1.dxycdn.com/2020/0522/572/3414792172686803957-126.png,长沙美奥河西口腔门诊部,https://y.dxy.cn/hospital/12376,湖南·长沙市,民营医院,专科医院,未定级,20-99 人,2018 年
https://img1.dxycdn.com/2020/0522/212/3414799914365323110-126.png,长沙美奥口腔医院,https://y.dxy.cn/hospital/12381,湖南·长沙市,民营医院,专科医院,未定级,20-99 人,2011 年
https://img1.dxycdn.com/2020/0821/322/7627860312733261343-126.png,长沙普瑞生殖与遗传专科医院,https://y.dxy.cn/hospital/12439,湖南·长沙市,公私合营,专科医院,未定级,100-499 人,2019 年
https://img1.dxycdn.com/2021/0219/197/2706953475861045643-126.png,长沙市妇幼保健院,https://y.dxy.cn/hospital/885,湖南·长沙市,公立医院,专科医院,三级甲等,1000 人以上,1962 年
https://img1.dxycdn.com/2020/1211/682/8227286874884542543-126.png,长沙市中心医院,https://y.dxy.cn/hospital/144,湖南·长沙市,公立医院,综合医院,三级甲等,1000 人以上,2000 年
https://img1.dxycdn.com/2021/0312/179/4858616369224929643-126.png,长沙市中医医院,https://y.dxy.cn/hospital/1271,湖南·长沙市,公立医院,综合医院,三级甲等,1000 人以上,2006 年
https://img1.dxycdn.com/2020/0604/562/3417196540476025026-126.png,长沙泰和医院,https://y.dxy.cn/hospital/3013,湖南·长沙市,民营医院,综合医院,三级医院,500-999 人,2012 年
https://img1.dxycdn.com/2021/0223/190/3135525462668216643-126.png,长沙县第一人民医院,https://y.dxy.cn/hospital/6579,湖南·长沙市,公立医院,综合医院,二级甲等,100-499 人,1958 年
https://img1.dxycdn.com/2020/0522/066/3414796985197802990-126.png,长沙雨花美奥湘府口腔门诊部,https://y.dxy.cn/hospital/12377,湖南·长沙市,民营医院,专科医院,未定级,20-99 人,2016 年
https://img1.dxycdn.com/2021/0222/376/3574456247944595643-126.png,长沙长好医院,https://y.dxy.cn/hospital/9432,湖南·长沙市,民营医院,综合医院,二级医院,100-499 人,2014 年
https://img1.dxycdn.com/2020/0224/548/3398442647382564375-126.jpg,常熟市中医院,https://y.dxy.cn/hospital/2478,江苏·苏州市,公立医院,专科医院,三级乙等,1000 人以上,1958 年
https://img1.dxycdn.com/2021/0203/027/5494147971646342643-126.png,长兴第二医院,https://y.dxy.cn/hospital/12562,浙江·湖州市,民营医院,综合医院,未定级,100-499 人,2014 年
https://img1.dxycdn.com/2020/0227/677/3398967636267712471-126.png,长兴县人民医院,https://y.dxy.cn/hospital/225,浙江·湖州市,公立医院,综合医院,三级乙等,1000 人以上,1940 年
https://img1.dxycdn.com/2020/0817/178/0458711093264290343-126.png,长兴县中医院,https://y.dxy.cn/hospital/2184,浙江·湖州市,公立医院,专科医院,三级乙等,500-999 人,1956 年
https://img1.dxycdn.com/2021/0305/585/1443937878090408643-126.png,长治市第三人民医院,https://y.dxy.cn/hospital/11592,山西·长治市,公立医院,综合医院,二级甲等,100-499 人,1956 年
https://img1.dxycdn.com/2020/0226/434/3398792803181469461-126.jpg,长治市中医研究所附属医院,https://y.dxy.cn/hospital/1306,山西·长治市,公立医院,其他,三级甲等,500-999 人,1952 年
https://img1.dxycdn.com/2021/0308/876/5303527215649458643-126.png,长治市中医医院,https://y.dxy.cn/hospital/874,山西·长治市,公立医院,综合医院,三级甲等,500-999 人,1953 年
https://img1.dxycdn.com/2020/0228/821/3399194932379574438-7.jpg,长治医学院附属和平医院,https://y.dxy.cn/hospital/1180,山西·长治市,公立医院,综合医院,三级甲等,1000 人以上,1946 年
https://img1.dxycdn.com/2020/0414/913/3407794279392166161-126.png,长治云峰医院,https://y.dxy.cn/hospital/6179,山西·长治市,民营医院,专科医院,未定级,100-499 人,1998 年
https://img1.dxycdn.com/2021/1109/624/5399639481249814153-126.png,常州九洲金东方医院,https://y.dxy.cn/hospital/12667,江苏·常州市,民营医院,综合医院,二级甲等,100-499 人,2015 年
https://img1.dxycdn.com/2020/0525/858/3415319152289293456-126.png,常州美斯奥口腔门诊部,https://y.dxy.cn/hospital/12373,江苏·常州市,民营医院,其他,未定级,20-99 人,2018 年
https://img1.dxycdn.com/2020/0430/209/3410668845168871319-2.png,常州瑞慈妇产医院,https://y.dxy.cn/hospital/296,江苏·常州市,民营医院,专科医院,二级医院,100-499 人,2016 年
https://img1.dxycdn.com/2020/0415/530/3407876354069533505-126.png,常州市第二人民医院,https://y.dxy.cn/hospital/214,江苏·常州市,公立医院,综合医院,三级甲等,1000 人以上,1937 年
https://img1.dxycdn.com/2020/0417/256/3408252689841644030-126.png,常州市第三人民医院,https://y.dxy.cn/hospital/2352,江苏·常州市,公立医院,综合医院,三级医院,1000 人以上,1956 年
https://img1.dxycdn.com/2020/0413/214/3407504639682525703-126.png,常州市第一人民医院,https://y.dxy.cn/hospital/164,江苏·常州市,公立医院,综合医院,三级甲等,1000 人以上,1918 年
https://file1.dxycdn.com/2018/0419/437/3273026552912728727-7.png,常州市妇幼保健院,https://y.dxy.cn/hospital/859,江苏·常州市,公立医院,专科医院,三级甲等,1000 人以上,1981 年
https://img1.dxycdn.com/2022/0112/846/9739219381453606253-126.png,承德县医院,https://y.dxy.cn/hospital/4054,河北·承德市,公立医院,综合医院,二级甲等,500-999 人,1949 年
https://img1.dxycdn.com/2020/0430/209/3410668845168871319-2.png,成都川蜀血管病医院,https://y.dxy.cn/hospital/305,四川·,民营医院,专科医院,二级丙等,100-499 人,-
https://img1.dxycdn.com/2019/0404/051/3337930511699612181-7.jpg,成都第一骨科医院,https://y.dxy.cn/hospital/5152,四川·成都市,公立医院,专科医院,三级乙等,500-999 人,1961 年
https://file1.dxycdn.com/2018/0419/713/3273027186420220822-7.png,成都儿童专科医院,https://y.dxy.cn/hospital/199,四川·成都市,公立医院,专科医院,二级甲等,100-499 人,1937 年
https://img1.dxycdn.com/2021/1130/125/5367106049907218153-126.png,成都肛肠专科医院,https://y.dxy.cn/hospital/2239,四川·成都市,公立医院,专科医院,三级甲等,100-499 人,1956 年
https://img1.dxycdn.com/2020/0528/199/3415910191328456849-126.png,成都华佑戒毒医院,https://y.dxy.cn/hospital/12392,四川·成都市,民营医院,专科医院,未定级,20-99 人,1997 年
https://img1.dxycdn.com/2021/0218/671/7764707887610525643-126.png,成都京东方医院,https://y.dxy.cn/hospital/12573,四川·成都市,民营医院,综合医院,未定级,500-999 人,2020 年
https://img1.dxycdn.com/2022/0413/931/8381922839602592453-126.png,成都青城山医院,https://y.dxy.cn/hospital/12729,四川·成都市,民营医院,综合医院,三级医院,100-499 人,2021 年
https://img1.dxycdn.com/2020/0529/863/3416038649505648772-126.png,成都青羊浣花渥迪眼科诊所,https://y.dxy.cn/hospital/12396,四川·成都市,民营医院,其他,未定级,20-99 人,2018 年
https://img1.dxycdn.com/2021/0302/864/2077831043869247643-126.png,成都市第六人民医院,https://y.dxy.cn/hospital/957,四川·成都市,公立医院,综合医院,三级甲等,1000 人以上,1946 年
https://img1.dxycdn.com/2020/1015/155/0300742244399781443-126.png,成都市第七人民医院,https://y.dxy.cn/hospital/2260,四川·成都市,公立医院,综合医院,三级甲等,1000 人以上,1950 年
https://img1.dxycdn.com/2020/0525/925/3415344851225780656-126.png,成都市第三人民医院,https://y.dxy.cn/hospital/136,四川·成都市,公立医院,综合医院,三级甲等,1000 人以上,1941 年
https://img1.dxycdn.com/2020/0525/510/3415345370916840312-126.png,成都市妇女儿童中心医院,https://y.dxy.cn/hospital/134,四川·成都市,公立医院,综合医院,三级甲等,1000 人以上,2011 年
https://img1.dxycdn.com/2020/0430/209/3410668845168871319-2.png,成都市锦江区妇幼保健院,https://y.dxy.cn/hospital/2222,四川·成都市,民营医院,专科医院,三级乙等,500-999 人,1951 年
https://img1.dxycdn.com/2020/0820/153/2987024076023941343-126.png,成都市金牛区妇幼保健院,https://y.dxy.cn/hospital/12438,四川·成都市,公立医院,专科医院,三级乙等,100-499 人,1956 年
https://img1.dxycdn.com/2021/0305/416/7597318314308408643-126.png,成都市龙泉驿区第一人民医院,https://y.dxy.cn/hospital/2123,四川·成都市,公立医院,综合医院,三级乙等,1000 人以上,1945 年
https://img1.dxycdn.com/2020/0218/065/3397311121068649692-126.jpg,成都市郫都区人民医院,https://y.dxy.cn/hospital/2358,四川·成都市,公立医院,综合医院,三级甲等,1000 人以上,1939 年
https://img1.dxycdn.com/2022/0311/061/9345545430888386353-126.png,成都市双流区中医医院,https://y.dxy.cn/hospital/12716,四川·成都市,公立医院,综合医院,三级甲等,500-999 人,1956 年
https://img1.dxycdn.com/2020/0430/209/3410668845168871319-2.png,成都市天府新区人民医院,https://y.dxy.cn/hospital/2116,四川·成都市,公立医院,综合医院,三级乙等,-,1942 年
https://img1.dxycdn.com/2021/0811/775/6518681680286457943-126.png,成都市温江区妇幼保健院,https://y.dxy.cn/hospital/12651,四川·成都市,公立医院,专科医院,三级乙等,100-499 人,1952 年
https://img1.dxycdn.com/2019/1213/913/3384883214438322267-7.jpg,成都市温江区人民医院,https://y.dxy.cn/hospital/2196,四川·成都市,公立医院,综合医院,三级甲等,1000 人以上,1977 年
https://img1.dxycdn.com/2020/0430/209/3410668845168871319-2.png,成都市武侯区人民医院,https://y.dxy.cn/hospital/4904,四川·成都市,公立医院,综合医院,二级甲等,100-499 人,1999 年
https://img1.dxycdn.com/2019/0411/346/3339213109192832595-7.png,成都市新都区人民医院,https://y.dxy.cn/hospital/2441,四川·成都市,公立医院,综合医院,三级甲等,1000 人以上,1927 年
https://img1.dxycdn.com/2022/0216/406/0909714571135062353-126.png,成都市新津区妇幼保健计划生育服务中心,https://y.dxy.cn/hospital/12689,四川·成都市,公立医院,专科医院,二级甲等,100-499 人,1953 年
https://img1.dxycdn.com/2020/1218/070/1978202174827373543-126.png,成都市新津区人民医院,https://y.dxy.cn/hospital/12529,四川·成都市,公立医院,综合医院,二级甲等,500-999 人,1942 年
https://img1.dxycdn.com/2020/1231/506/1636363715138816543-126.png,成都双楠医院,https://y.dxy.cn/hospital/7782,四川·成都市,民营医院,综合医院,二级甲等,500-999 人,2012 年
https://img1.dxycdn.com/2021/0104/509/2604719997637586543-126.png,成都西囡妇科医院,https://y.dxy.cn/hospital/12545,四川·成都市,民营医院,专科医院,未定级,500-999 人,2010 年
https://img1.dxycdn.com/2020/0512/626/3412874482673893648-126.png,成都新华医院,https://y.dxy.cn/hospital/12319,四川·成都市,民营医院,综合医院,三级乙等,500-999 人,1958 年
https://img1.dxycdn.com/2021/0205/180/1136288804763482643-126.png,成都新桥口腔医院,https://y.dxy.cn/hospital/12567,四川·成都市,民营医院,专科医院,二级医院,100-499 人,2003 年
https://img1.dxycdn.com/2021/0202/165/1944907469002722643-126.png,成都新世纪妇女儿童医院,https://y.dxy.cn/hospital/12560,四川·成都市,民营医院,专科医院,二级医院,100-499 人,2014 年
https://img1.dxycdn.com/2021/0309/298/7026657000184878643-126.png,成都西区医院,https://y.dxy.cn/hospital/2092,四川·成都市,民营医院,综合医院,三级乙等,1000 人以上,1999 年
https://img1.dxycdn.com/2020/1120/513/9480507210866558443-126.png,成都颐和医院,https://y.dxy.cn/hospital/12469,四川·成都市,民营医院,综合医院,二级医院,100-499 人,2020 年
https://img1.dxycdn.com/2020/0416/747/3408125567399497513-126.png,成都医学院第一附属医院,https://y.dxy.cn/hospital/840,四川·成都市,公立医院,综合医院,三级甲等,1000 人以上,1948 年
https://img1.dxycdn.com/2020/1102/601/6613169532988715443-126.png,成都誉美医院,https://y.dxy.cn/hospital/5538,四川·成都市,民营医院,综合医院,二级甲等,100-499 人,1955 年
https://img1.dxycdn.com/2021/0222/023/6849073489005495643-126.png,成都中医大银海眼科医院,https://y.dxy.cn/hospital/9781,四川·成都市,民营医院,专科医院,三级医院,100-499 人,2016 年
https://img1.dxycdn.com/2020/0508/825/3412142970286388266-126.png,成武县人民医院,https://y.dxy.cn/hospital/2881,山东·菏泽市,公立医院,综合医院,三级医院,1000 人以上,1949 年
https://img1.dxycdn.com/2020/0624/303/2612992617833090243-126.png,郴州市第一人民医院,https://y.dxy.cn/hospital/626,湖南·郴州市,公立医院,综合医院,三级甲等,1000 人以上,1907 年
https://img1.dxycdn.com/2020/0530/256/3416221187762934769-126.png,赤峰朝聚眼科医院,https://y.dxy.cn/hospital/2993,内蒙古·赤峰市,民营医院,专科医院,三级医院,100-499 人,2005 年
https://img1.dxycdn.com/2020/1217/712/2842217028410753543-126.png,赤峰桥北骨科医院,https://y.dxy.cn/hospital/12521,内蒙古·赤峰市,民营医院,专科医院,二级医院,100-499 人,2018 年
https://img1.dxycdn.com/2021/0220/558/2448680140861265643-126.png,赤峰市妇产医院,https://y.dxy.cn/hospital/12579,内蒙古·赤峰市,公立医院,专科医院,三级医院,500-999 人,1986 年
https://img1.dxycdn.com/2021/0220/613/9906327531542265643-126.png,赤峰市妇幼保健院,https://y.dxy.cn/hospital/12580,内蒙古·赤峰市,公立医院,专科医院,二级医院,100-499 人,1963 年
https://img1.dxycdn.com/2019/0426/522/3342064452081484810-7.png,赤峰市宁城县中心医院,https://y.dxy.cn/hospital/2373,内蒙古·赤峰市,公立医院,综合医院,三级乙等,1000 人以上,1951 年
https://img1.dxycdn.com/2020/0527/374/3415678802113148563-126.png,重庆爱尔儿童眼科医院,https://y.dxy.cn/hospital/12387,重庆·江北区,民营医院,专科医院,未定级,100-499 人,2018 年
https://img1.dxycdn.com/2020/0619/289/8641989237962999143-126.png,重庆爱尔麦格眼科医院,https://y.dxy.cn/hospital/12340,重庆·南岸区,民营医院,专科医院,三级医院,100-499 人,1994 年